{
    "Config1": {
        "postByUrl": 0,
        "postById": 0.0002694605588912964,
        "collection2": 0.00012319453557332354,
        "collection1": 7.913092772165934e-05,
        "collection3": 0.00404515282313029
    },
    "Config2": {
        "postByUrl": 1.818478107452393e-05,
        "postById": 0.0001477657953898112,
        "collection2": 0.00014881968498229982,
        "collection1": 9.530742963155116e-05,
        "collection3": 0.004838923613230388
    },
    "Config4": {
        "postByUrl": 0,
        "postById": 0.00016036037604014086,
        "collection2": 8.319056034088138e-05,
        "collection1": 8.542084693908693e-05,
        "collection3": 0.004853681405385337
    },
    "Config3": {
        "postByUrl": 0,
        "postById": 0.00019757994016011558,
        "collection2": 0.0001281957228978475,
        "collection1": 9.869221846262613e-05,
        "collection3": 0.001984294374783834
    },
    "Config5": {
        "postByUrl": 1.9087592760721847e-05,
        "postById": 0.00047628053029378245,
        "collection2": 0.00011003891626993813,
        "collection1": 7.3949933052063e-05,
        "collection3": 0.003088860193888347
    }
}