{"Config2": {"multipleJoinB": 0.012940166910489402, "single": 6.706158320109048e-06, "multipleJoinA": 0.0018354891538619996, "collection": 0.00022105244795481363, "singleJoin": 0.0017776618401209511}, "Config3": {"multipleJoinB": 0.004590022961298627, "single": 9.171287218729654e-06, "multipleJoinA": 1.4235218365987146e-05, "singleJoin": 1.3890663782755536e-05, "collection": 0.00012762510776519778}, "Config1": {"multipleJoinB": 0.012465849081675218, "single": 7.0872306823730475e-06, "multipleJoinA": 0.0018003643751144415, "singleJoin": 0.0017714515924453734, "collection": 0.0021634310086568187}}