{
    "Config1": {
        "postByUrl": 0.006947139263153079,
        "collection3": 0.00674589419364929,
        "collection2": 0.01040244623025258,
        "postById": 1.357138156890869e-05,
        "collection1": 0.0017986219724019376
    }
}