{"Config1": {"post": 0.0019377621014912921, "collection": 0.003096442302068075, "postsByTags": 0.0018596689303716021}, "Config3": {"post": 3.081878026326498e-05, "collection": 0.003661106189092003, "postsByTags": 0.0011125855048497518}, "Config2": {"post": 0.0019217088619867964, "postsByTags": 0.0018959032297134408, "collection": 0.00037964359919230155}, "Config4": {"post": 6.287034352620446e-05, "postsByTags": 0.0011207798719406132, "collection": 0.0005701303482055662}}