{
    "Config2": {
        "postById": 1.117845376332601e-05,
        "collection2": 0.010168551723162332,
        "collection1": 0.0018355354865392053,
        "collection3": 0.006732706983884177,
        "postByUrl": 7.603685061136885e-06
    },
    "Config5": {
        "postById": 7.5624386469523086e-06,
        "collection2": 2.256429195404052e-05,
        "collection1": 0.0011772325038909904,
        "collection3": 1.0694980621337885e-05,
        "postByUrl": 1.3743122418721526e-05
    },
    "Config1": {
        "postById": 0.006863049666086833,
        "collection3": 2.9178460439046226e-05,
        "collection1": 0.005038277308146159,
        "postByUrl": 0.0011163115501403808,
        "collection2": 2.0674864451090495e-05
    },
    "Config3": {
        "postById": 7.84941514333089e-06,
        "collection2": 3.654424349466961e-05,
        "collection1": 0.0018609911203384393,
        "collection3": 1.3774633407592771e-05,
        "postByUrl": 0.007287093003590901
    },
    "Config4": {
        "postById": 7.803599039713541e-06,
        "collection2": 0.006828465898831684,
        "collection1": 0.001140766620635986,
        "collection3": 0.006911407748858133,
        "postByUrl": 0.0080859610637029
    }
}