{
    "Config1": {
        "postById": 7.488330205281577e-06,
        "collection1": 0.0017981528043746948,
        "postByUrl": 0.0072241113980611145,
        "collection3": 0.007130343039830527,
        "collection2": 0.010581390579541527
    },
    "Config5": {
        "postById": 7.475972175598141e-06,
        "collection1": 0.0011462026039759322,
        "postByUrl": 1.6159216562906905e-05,
        "collection3": 1.7634312311808265e-05,
        "collection2": 2.1779696146647143e-05
    },
    "Config2": {
        "postById": 7.94418652852376e-06,
        "collection1": 0.0018305106163024898,
        "postByUrl": 3.4522573153177906e-05,
        "collection3": 0.006854697744051614,
        "collection2": 0.010426354408264163
    },
    "Config3": {
        "postById": 7.975935935974122e-06,
        "collection1": 0.0018298935095469164,
        "postByUrl": 0.007313987453778582,
        "collection3": 1.1978189150492347e-05,
        "collection2": 2.826642990112303e-05
    },
    "Config4": {
        "postById": 8.13591480255127e-06,
        "collection1": 0.0011337979634602861,
        "postByUrl": 0.00796466581026713,
        "collection3": 0.006918801307678226,
        "collection2": 0.007452257633209229
    }
}