{
    "Config5": {
        "postByUrl": 1.3743122418721526e-05,
        "collection2": 2.256429195404052e-05,
        "collection3": 1.0694980621337885e-05,
        "collection1": 0.0011772325038909904,
        "postById": 7.5624386469523086e-06
    },
    "Config2": {
        "postByUrl": 7.603685061136885e-06,
        "collection2": 0.010168551723162332,
        "collection3": 0.006732706983884177,
        "collection1": 0.0018355354865392053,
        "postById": 1.117845376332601e-05
    },
    "Config3": {
        "postByUrl": 0.007287093003590901,
        "collection2": 3.654424349466961e-05,
        "collection3": 1.3774633407592771e-05,
        "collection1": 0.0018609911203384393,
        "postById": 7.84941514333089e-06
    },
    "Config1": {
        "postByUrl": 0.00018880764643351241,
        "collection2": 2.473692099253337e-05,
        "collection3": 1.4447212219238282e-05,
        "postById": 0.00027127985159556054,
        "collection1": 0.00012421921888987217
    },
    "Config4": {
        "postByUrl": 0.0080859610637029,
        "collection2": 0.006828465898831684,
        "collection3": 0.006911407748858133,
        "collection1": 0.001140766620635986,
        "postById": 7.803599039713541e-06
    }
}